{"$schema":"http://schema.management.azure.com/schemas/2015-01-01/deploymentTemplate.json#","contentVersion":"1.0.0.0","parameters":{"https://raw.githubusercontent.com/diogosgrecco/Portfolio/refs/heads/main/BI%20De":{"type":"string"},"TokyoOlimpicGamesLK":{"type":"string"},"https://raw.githubusercontent.com/diogosgrecco/Portfolio/refs/heads/main/BI% (2)":{"type":"string"},"https://raw.githubusercontent.com/diogosgrecco/Portfolio/refs/heads/main/BI% (3)":{"type":"string"},"https://github.com/diogosgrecco/Portfolio/blob/main/BI%20Developer%20-%20Project":{"type":"string"},"https://github.com/diogosgrecco/Portfolio/blob/main/BI%20Developer%20-%20Pro (2)":{"type":"string"}},"variables":{},"resources":[{"name":"Data Ingestion - Entire Pipeline","type":"pipelines","apiVersion":"2018-06-01","properties":{"activities":[{"name":"EntriesGender","type":"Copy","dependsOn":[{"activity":"Coaches","dependencyConditions":["Succeeded"]}],"policy":{"timeout":"0.12:00:00","retry":0,"retryIntervalInSeconds":30,"secureOutput":false,"secureInput":false},"typeProperties":{"source":{"type":"DelimitedTextSource","storeSettings":{"type":"HttpReadSettings","requestMethod":"GET"},"datasetSettings":{"annotations":[],"type":"DelimitedText","typeProperties":{"location":{"type":"HttpServerLocation"},"columnDelimiter":",","escapeChar":"\\","firstRowAsHeader":true,"quoteChar":"\""},"schema":[],"externalReferences":{"connection":"[parameters('https://raw.githubusercontent.com/diogosgrecco/Portfolio/refs/heads/main/BI%20De')]"}}},"sink":{"type":"DelimitedTextSink","storeSettings":{"type":"LakehouseWriteSettings"},"formatSettings":{"type":"DelimitedTextWriteSettings","fileExtension":".txt","quoteAllText":true},"datasetSettings":{"annotations":[],"linkedService":{"name":"TokyoOlimpicGamesLK","properties":{"annotations":[],"type":"Lakehouse","typeProperties":{"workspaceId":"acf7bc05-09d1-4dd9-bfc7-3bb5c4f2b3f1","artifactId":"[parameters('TokyoOlimpicGamesLK')]","rootFolder":"Files"}}},"type":"DelimitedText","typeProperties":{"location":{"type":"LakehouseLocation","fileName":"EntriesGender.csv","folderPath":"Raw Data"},"columnDelimiter":",","escapeChar":"\\","firstRowAsHeader":true,"quoteChar":"\""},"schema":[]}},"enableStaging":false,"translator":{"type":"TabularTranslator","typeConversion":true,"typeConversionSettings":{"allowDataTruncation":true,"treatBooleanAsNumber":false}}}},{"name":"Coaches","type":"Copy","dependsOn":[{"activity":"Athletes","dependencyConditions":["Succeeded"]}],"policy":{"timeout":"0.12:00:00","retry":0,"retryIntervalInSeconds":30,"secureOutput":false,"secureInput":false},"typeProperties":{"source":{"type":"DelimitedTextSource","storeSettings":{"type":"HttpReadSettings","requestMethod":"GET"},"datasetSettings":{"annotations":[],"type":"DelimitedText","typeProperties":{"location":{"type":"HttpServerLocation"},"columnDelimiter":",","escapeChar":"\\","firstRowAsHeader":true,"quoteChar":"\""},"schema":[],"externalReferences":{"connection":"[parameters('https://raw.githubusercontent.com/diogosgrecco/Portfolio/refs/heads/main/BI% (2)')]"}}},"sink":{"type":"DelimitedTextSink","storeSettings":{"type":"LakehouseWriteSettings"},"formatSettings":{"type":"DelimitedTextWriteSettings","fileExtension":".txt","quoteAllText":true},"datasetSettings":{"annotations":[],"linkedService":{"name":"TokyoOlimpicGamesLK","properties":{"annotations":[],"type":"Lakehouse","typeProperties":{"workspaceId":"acf7bc05-09d1-4dd9-bfc7-3bb5c4f2b3f1","artifactId":"[parameters('TokyoOlimpicGamesLK')]","rootFolder":"Files"}}},"type":"DelimitedText","typeProperties":{"location":{"type":"LakehouseLocation","fileName":"Coaches.csv","folderPath":"Raw Data"},"columnDelimiter":",","escapeChar":"\\","firstRowAsHeader":true,"quoteChar":"\""},"schema":[]}},"enableStaging":false,"translator":{"type":"TabularTranslator","typeConversion":true,"typeConversionSettings":{"allowDataTruncation":true,"treatBooleanAsNumber":false}}}},{"name":"Athletes","type":"Copy","dependsOn":[],"policy":{"timeout":"0.12:00:00","retry":0,"retryIntervalInSeconds":30,"secureOutput":false,"secureInput":false},"typeProperties":{"source":{"type":"DelimitedTextSource","storeSettings":{"type":"HttpReadSettings","requestMethod":"GET"},"datasetSettings":{"annotations":[],"type":"DelimitedText","typeProperties":{"location":{"type":"HttpServerLocation"},"columnDelimiter":",","escapeChar":"\\","firstRowAsHeader":true,"quoteChar":"\""},"schema":[],"externalReferences":{"connection":"[parameters('https://raw.githubusercontent.com/diogosgrecco/Portfolio/refs/heads/main/BI% (3)')]"}}},"sink":{"type":"DelimitedTextSink","storeSettings":{"type":"LakehouseWriteSettings"},"formatSettings":{"type":"DelimitedTextWriteSettings","fileExtension":".txt","quoteAllText":true},"datasetSettings":{"annotations":[],"linkedService":{"name":"TokyoOlimpicGamesLK","properties":{"annotations":[],"type":"Lakehouse","typeProperties":{"workspaceId":"acf7bc05-09d1-4dd9-bfc7-3bb5c4f2b3f1","artifactId":"[parameters('TokyoOlimpicGamesLK')]","rootFolder":"Files"}}},"type":"DelimitedText","typeProperties":{"location":{"type":"LakehouseLocation","fileName":"Athletes.csv","folderPath":"Raw Data"},"columnDelimiter":",","escapeChar":"\\","firstRowAsHeader":true,"quoteChar":"\""},"schema":[]}},"enableStaging":false,"translator":{"type":"TabularTranslator","typeConversion":true,"typeConversionSettings":{"allowDataTruncation":true,"treatBooleanAsNumber":false}}}},{"name":"Medals","type":"Copy","dependsOn":[{"activity":"EntriesGender","dependencyConditions":["Succeeded"]}],"policy":{"timeout":"0.12:00:00","retry":0,"retryIntervalInSeconds":30,"secureOutput":false,"secureInput":false},"typeProperties":{"source":{"type":"DelimitedTextSource","storeSettings":{"type":"HttpReadSettings","requestMethod":"GET"},"datasetSettings":{"annotations":[],"type":"DelimitedText","typeProperties":{"location":{"type":"HttpServerLocation"},"columnDelimiter":",","escapeChar":"\\","firstRowAsHeader":true,"quoteChar":"\""},"schema":[],"externalReferences":{"connection":"[parameters('https://github.com/diogosgrecco/Portfolio/blob/main/BI%20Developer%20-%20Project')]"}}},"sink":{"type":"DelimitedTextSink","storeSettings":{"type":"LakehouseWriteSettings"},"formatSettings":{"type":"DelimitedTextWriteSettings","fileExtension":".txt"},"datasetSettings":{"annotations":[],"linkedService":{"name":"TokyoOlimpicGamesLK","properties":{"annotations":[],"type":"Lakehouse","typeProperties":{"workspaceId":"acf7bc05-09d1-4dd9-bfc7-3bb5c4f2b3f1","artifactId":"[parameters('TokyoOlimpicGamesLK')]","rootFolder":"Files"}}},"type":"DelimitedText","typeProperties":{"location":{"type":"LakehouseLocation","fileName":"Medals","folderPath":"Raw Data"},"columnDelimiter":",","escapeChar":"\\","firstRowAsHeader":true,"quoteChar":"\""},"schema":[]}},"enableStaging":false,"translator":{"type":"TabularTranslator","typeConversion":true,"typeConversionSettings":{"allowDataTruncation":true,"treatBooleanAsNumber":false}}}},{"name":"Teams","type":"Copy","dependsOn":[{"activity":"Medals","dependencyConditions":["Succeeded"]}],"policy":{"timeout":"0.12:00:00","retry":0,"retryIntervalInSeconds":30,"secureOutput":false,"secureInput":false},"typeProperties":{"source":{"type":"DelimitedTextSource","storeSettings":{"type":"HttpReadSettings","requestMethod":"GET"},"datasetSettings":{"annotations":[],"type":"DelimitedText","typeProperties":{"location":{"type":"HttpServerLocation"},"columnDelimiter":",","escapeChar":"\\","firstRowAsHeader":true,"quoteChar":"\""},"schema":[],"externalReferences":{"connection":"[parameters('https://github.com/diogosgrecco/Portfolio/blob/main/BI%20Developer%20-%20Pro (2)')]"}}},"sink":{"type":"DelimitedTextSink","storeSettings":{"type":"LakehouseWriteSettings"},"formatSettings":{"type":"DelimitedTextWriteSettings","fileExtension":".txt"},"datasetSettings":{"annotations":[],"linkedService":{"name":"TokyoOlimpicGamesLK","properties":{"annotations":[],"type":"Lakehouse","typeProperties":{"workspaceId":"acf7bc05-09d1-4dd9-bfc7-3bb5c4f2b3f1","artifactId":"[parameters('TokyoOlimpicGamesLK')]","rootFolder":"Files"}}},"type":"DelimitedText","typeProperties":{"location":{"type":"LakehouseLocation","fileName":"Teams","folderPath":"Raw Data"},"columnDelimiter":",","escapeChar":"\\","firstRowAsHeader":true,"quoteChar":"\""},"schema":[]}},"enableStaging":false,"translator":{"type":"TabularTranslator","typeConversion":true,"typeConversionSettings":{"allowDataTruncation":true,"treatBooleanAsNumber":false}}}},{"name":"Bronze - Ingest Data","type":"TridentNotebook","dependsOn":[{"activity":"Teams","dependencyConditions":["Succeeded"]}],"policy":{"timeout":"0.12:00:00","retry":0,"retryIntervalInSeconds":30,"secureOutput":false,"secureInput":false},"typeProperties":{"notebookId":"cae354f9-33c7-454e-a098-000114e45bbb","workspaceId":"acf7bc05-09d1-4dd9-bfc7-3bb5c4f2b3f1"}},{"name":"Silver - Create Table Structure","type":"TridentNotebook","dependsOn":[{"activity":"Bronze - Ingest Data","dependencyConditions":["Succeeded"]}],"policy":{"timeout":"0.12:00:00","retry":0,"retryIntervalInSeconds":30,"secureOutput":false,"secureInput":false},"typeProperties":{"notebookId":"be8f68da-9f99-457e-b918-e5d56fe09ecc","workspaceId":"acf7bc05-09d1-4dd9-bfc7-3bb5c4f2b3f1"}},{"name":"Silver - Load Data","type":"TridentNotebook","dependsOn":[{"activity":"Silver - Create Table Structure","dependencyConditions":["Succeeded"]}],"policy":{"timeout":"0.12:00:00","retry":0,"retryIntervalInSeconds":30,"secureOutput":false,"secureInput":false},"typeProperties":{"notebookId":"aa80d2b1-fe48-4748-bb72-172c574e1d2b","workspaceId":"acf7bc05-09d1-4dd9-bfc7-3bb5c4f2b3f1"}}],"lastModifiedByObjectId":"fd88592e-1305-4e64-8e12-22a4ff73a74a","lastPublishTime":"2025-05-29T06:36:13Z"},"dependsOn":[]}]}